time,targetlabel,checkValueInsteadOfIndex,countOnlyUneven,countSpecificIndices,countSpecificIndices2,exceptionTest,exceptionTestMinus,exitsAfterFirstCorrect,exitsAfterFirstIncorrect,exitsAfterFirstIterationIncorrectCheck,exitsAfterFirstUnevenNumber,extraCheckForPositive,extraCheckForPositive2,hasDoubledFirstIteration,incorrectContraction,noIF,oddSum,oddSum,oddSumCountMinus,oddSumFirstIteration,sumValuesAll,sumValuesPositive,sumValuesPositiveCrashWhenIndexingWhenTrue,wrongWeekendCheck,wrongWeekendCheckInverse
2019-10-14 07:59:38.244275,earlyexit,,,false,false,false,false,false,false,false,true,false,true,false,false,false,false,false,false,false,false,false,false,false,false,false,false
2019-10-14 08:00:24.951896,earlyexit,,,false,false,false,false,false,false,false,true,false,true,false,false,false,false,false,false,false,false,false,false,false,false,false,false
2019-10-14 08:00:54.322912,foreachbutindex,,,false,false,true,true,true,true,false,false,false,false,false,false,false,false,false,false,false,false,false,false,false,false,false,false
2019-10-14 08:01:13.107542,foreachbutindex,,,false,false,true,true,true,true,false,false,false,false,false,false,false,false,false,false,false,false,false,false,false,false,false,false
2019-10-14 08:01:59.360804,foreachbutindex,,,false,false,true,true,true,true,false,false,false,false,false,false,false,false,false,false,false,false,false,false,false,false,false,false
2019-10-14 08:03:08.259524,foreachbutindex,,,false,false,true,true,true,true,false,false,false,false,false,false,false,false,false,false,false,false,false,false,false,false,false,false
2019-10-14 08:03:24.237775,alwaysadd,,,false,false,false,false,false,false,false,false,false,false,false,false,false,true,true,false,false,false,false,false,false,false,false,false
2019-10-14 08:03:58.863046,foreachbutindex,,,false,false,true,true,true,true,false,false,false,false,false,false,false,false,false,false,false,false,false,false,false,false,false,false
2019-10-14 08:04:53.568163,alwaysadd,,,false,false,false,false,false,false,false,false,false,false,false,false,false,true,true,false,false,false,false,false,false,false,false,false
2019-10-14 08:04:54.21919,foreachbutindex,,,false,false,true,true,true,true,false,false,false,false,false,false,false,false,false,false,false,false,false,false,false,false,false,false
2019-10-14 08:05:01.672643,foreachbutindex,,,false,false,true,true,true,true,false,false,false,false,false,false,false,false,false,false,false,false,false,false,false,false,false,false
2019-10-14 08:06:25.065508,foreachbutindex,,,false,false,false,false,false,false,false,false,false,false,false,false,false,false,false,false,false,false,false,true,true,true,false,false
2019-10-14 08:06:40.806737,alwaysadd,,,false,false,false,false,false,false,false,false,false,false,false,false,false,true,true,false,false,false,false,false,false,false,false,false
2019-10-14 08:06:40.96092,foreachbutindex,,,false,true,false,false,true,true,false,false,false,false,false,false,false,false,false,false,false,false,false,false,false,false,false,false
2019-10-14 08:07:04.608371,alwaysadd,,,false,false,false,false,false,false,false,false,false,false,false,false,false,true,true,false,false,false,false,false,false,false,false,false
2019-10-14 08:07:07.729286,alwaysadd,,,false,false,false,false,false,false,false,false,false,false,false,false,false,true,true,false,false,false,false,false,false,false,false,false
2019-10-14 08:07:31.409392,foreachbutindex,,,false,true,false,false,true,true,false,false,false,false,false,false,false,false,false,false,false,false,false,false,false,false,false,false
2019-10-14 08:07:54.077279,alwaysadd,,,false,false,false,false,false,false,false,false,false,false,false,false,false,true,true,false,false,false,false,false,false,false,false,false
2019-10-14 08:07:58.800734,alwaysadd,,,false,false,false,false,false,false,false,false,false,false,false,false,false,true,true,false,false,false,false,false,false,false,false,false
2019-10-14 08:08:20.545056,alwaysadd,,,false,false,false,false,false,false,false,false,false,false,false,false,false,true,true,false,false,false,false,false,false,false,false,false
2019-10-14 08:08:34.846203,alwaysadd,,,false,false,false,false,false,false,false,false,false,false,false,false,false,true,true,false,false,false,false,false,false,false,false,false
2019-10-14 08:08:36.304559,alwaysadd,,,false,false,false,false,false,false,false,false,false,false,false,false,false,true,true,false,false,false,false,false,false,false,false,false
2019-10-14 08:08:47.918561,alwaysadd,,,false,false,false,false,false,false,false,false,false,false,false,false,false,true,true,false,false,false,false,false,false,false,false,false
2019-10-14 08:08:59.877781,alwaysadd,,,false,false,false,false,false,false,false,false,false,false,false,false,false,true,true,false,false,false,false,false,false,false,false,false
2019-10-14 08:09:25.564806,alwaysadd,,,false,false,false,false,false,false,false,false,false,false,false,false,false,true,true,false,false,false,false,false,false,false,false,false
2019-10-14 08:09:34.833722,alwaysadd,,,false,false,false,false,false,false,false,false,false,false,false,false,false,true,true,false,false,false,false,false,false,false,false,false
2019-10-14 08:09:47.375234,alwaysadd,,,false,false,false,false,false,false,false,false,false,false,true,false,false,true,true,false,false,false,false,false,false,false,false,false
2019-10-14 08:09:48.081739,alwaysadd,,,false,false,false,false,false,false,false,false,false,false,false,false,false,true,true,false,false,false,false,false,false,false,false,false
2019-10-14 08:10:22.362851,alwaysadd,,,false,false,false,false,false,false,false,false,false,false,false,false,false,true,true,false,false,false,false,false,false,false,false,false
2019-10-14 08:11:10.889718,alwaysadd,,,false,false,false,false,false,false,false,false,false,false,false,false,false,true,true,false,false,false,false,false,false,false,false,false
2019-10-14 08:11:15.73777,alwaysadd,,,false,false,false,false,false,false,false,false,false,false,false,false,false,true,true,false,false,false,false,false,false,false,false,false
2019-10-14 08:11:21.749835,alwaysadd,,,false,false,false,false,false,false,false,false,false,false,true,false,false,true,true,false,false,false,false,false,false,false,false,false
2019-10-14 08:11:23.663608,alwaysadd,,,false,false,false,false,false,false,false,false,false,false,false,false,false,true,true,false,false,false,false,false,false,false,false,false
2019-10-14 08:11:30.529691,alwaysadd,,,false,false,false,false,false,false,false,false,false,false,false,false,false,true,true,false,false,false,false,false,false,false,false,false
2019-10-14 08:11:31.481712,alwaysadd,,,false,false,false,false,false,false,false,false,false,false,false,false,false,true,true,false,false,false,false,false,false,false,false,false
2019-10-14 08:11:32.137692,alwaysadd,,,false,false,false,false,false,false,false,false,false,false,false,false,false,true,true,false,false,false,false,false,false,false,false,false
2019-10-14 08:11:36.365706,alwaysadd,,,false,false,false,false,false,false,false,false,false,false,false,false,false,true,true,false,false,false,false,false,false,false,false,false
2019-10-14 08:11:37.581728,alwaysadd,,,false,false,false,false,false,false,false,false,false,false,false,false,false,true,true,false,false,false,false,false,false,false,false,false
2019-10-14 08:11:43.804833,alwaysadd,,,false,false,false,false,false,false,false,false,false,false,false,false,false,true,true,false,false,false,false,false,false,false,false,false
2019-10-14 08:11:49.523044,alwaysadd,,,false,false,false,false,false,false,false,false,false,false,false,false,false,true,true,false,false,false,false,false,false,false,false,false
2019-10-14 08:11:57.82574,alwaysadd,,,false,false,false,false,false,false,false,false,false,false,false,false,false,true,true,false,false,false,false,false,false,false,false,false
2019-10-14 08:11:58.660525,alwaysadd,,,false,false,false,false,false,false,false,false,false,false,true,false,false,true,false,false,false,false,false,false,false,false,false,false
2019-10-14 08:12:27.973535,alwaysadd,,,false,false,false,false,false,false,false,false,false,false,false,false,false,true,true,false,false,false,false,false,false,false,false,false
2019-10-14 08:13:10.742269,alwaysadd,,,false,false,false,false,false,false,false,false,false,false,false,false,false,true,true,false,false,false,false,false,false,false,false,false
2019-10-14 08:13:34.329739,alwaysadd,,,false,false,false,false,false,false,false,false,false,false,false,false,false,true,true,false,false,false,false,false,false,false,false,false
2019-10-14 08:13:50.101511,foreachbutindex,,,false,false,false,false,false,false,false,false,false,false,false,false,false,false,false,false,false,false,false,false,false,false,false,false
2019-10-14 08:14:35.112245,alwaysadd,,,false,false,false,false,false,false,false,false,false,false,false,false,false,true,true,false,false,false,false,false,false,false,false,false
2019-10-14 08:14:53.752238,alwaysadd,,,false,false,false,false,false,false,false,false,false,false,false,false,false,true,true,false,false,false,false,false,false,false,false,false
2019-10-14 08:15:01.798614,alwaysadd,,,false,false,false,false,false,false,false,false,false,false,false,false,false,true,true,false,false,false,false,false,false,false,false,false
2019-10-14 08:15:55.402501,alwaysadd,,,false,false,false,false,false,false,false,false,false,false,false,false,false,true,true,false,false,false,false,false,false,false,false,false
2019-10-14 08:16:21.670993,alwaysadd,,,false,false,false,false,false,false,false,false,false,false,false,false,false,true,true,false,false,false,false,false,false,false,false,false
2019-10-14 08:16:38.20227,alwaysadd,,,false,false,false,false,false,false,false,false,false,false,false,false,false,true,true,false,false,false,false,false,false,false,false,false
2019-10-14 08:16:43.612238,alwaysadd,,,false,false,false,false,false,false,false,false,false,false,false,false,false,true,true,false,false,false,false,false,false,false,false,false
2019-10-14 08:16:52.276605,orinsteadofand,,,false,false,false,false,false,false,false,false,false,false,false,false,false,false,false,false,false,false,false,false,false,false,true,false
2019-10-14 08:17:06.82962,alwaysadd,,,false,false,false,false,false,false,false,false,false,false,false,false,false,true,true,false,false,false,false,false,false,false,false,false
2019-10-14 08:17:08.4765,orinsteadofand,,,false,false,false,false,false,false,false,false,false,false,false,false,false,false,false,false,false,false,false,false,false,false,true,false
2019-10-14 08:17:20.589245,alwaysadd,,,false,false,false,false,false,false,false,false,false,false,false,false,false,true,true,false,false,false,false,false,false,false,false,false
2019-10-14 08:17:31.863709,alwaysadd,,,false,false,false,false,false,false,false,false,false,false,false,false,false,true,true,false,false,false,false,false,false,false,false,false
2019-10-14 08:17:49.275579,orinsteadofand,,,false,false,false,false,false,false,false,false,false,false,false,false,false,false,false,false,false,false,false,false,false,false,true,false
2019-10-14 08:17:53.273414,alwaysadd,,,false,false,false,false,false,false,false,false,false,false,false,false,false,true,true,false,false,false,false,false,false,false,false,false
2019-10-14 08:19:05.416394,orinsteadofand,,,false,false,false,false,false,false,false,false,false,false,false,false,false,false,false,true,true,false,false,false,false,false,false,false
2019-10-14 08:19:09.166221,orinsteadofand,,,false,false,false,false,false,false,false,false,false,false,false,false,false,false,false,false,false,false,false,false,false,false,true,false
2019-10-14 08:19:37.190609,orinsteadofand,,,false,false,false,false,false,false,false,false,false,false,false,false,false,false,false,true,true,false,false,false,false,false,false,false
2019-10-14 08:20:08.105747,alwaysadd,,,false,false,false,false,false,false,false,false,false,false,true,false,false,true,true,false,false,false,false,false,false,false,false,false
2019-10-14 08:20:13.197678,orinsteadofand,,,false,false,false,false,false,false,false,false,false,false,false,false,false,false,false,true,true,false,false,false,false,false,false,false
2019-10-14 08:20:19.538248,orinsteadofand,,,false,false,false,false,false,false,false,false,false,false,false,false,false,false,false,false,false,false,false,false,false,false,true,false
2019-10-14 08:20:56.865099,orinsteadofand,,,false,false,false,false,false,false,false,false,false,false,false,false,false,false,false,true,true,false,false,false,false,false,false,false
2019-10-14 08:21:19.890305,alwaysadd,,,false,false,false,false,false,false,false,false,false,false,false,false,false,true,true,false,false,false,false,false,false,false,false,false
2019-10-14 08:22:02.575213,alwaysadd,,,false,false,false,false,false,false,false,false,false,false,false,false,false,true,true,false,false,false,false,false,false,false,false,false
2019-10-14 08:22:40.156321,orinsteadofand,,,false,false,false,false,false,false,false,false,false,false,false,false,false,false,false,false,false,false,false,false,false,false,true,false
2019-10-14 08:22:57.250589,orinsteadofand,,,false,false,false,false,false,false,false,false,false,false,false,false,false,false,false,false,false,false,false,false,false,false,true,false
2019-10-14 08:22:58.195885,orinsteadofand,,,false,false,false,false,false,false,false,false,false,false,false,false,false,false,false,false,false,false,false,false,false,false,true,false
2019-10-14 08:23:32.172173,orinsteadofand,,,false,false,false,false,false,false,false,false,false,false,false,false,false,false,false,false,false,false,false,false,false,false,true,false
2019-10-14 08:24:03.464903,orinsteadofand,,,false,false,false,false,false,false,false,false,false,false,false,false,false,false,false,false,false,false,false,false,false,false,false,true
2019-10-14 08:24:09.949414,orinsteadofand,,,false,false,false,false,false,false,false,false,false,false,false,false,false,false,false,false,false,false,false,false,false,false,true,false
2019-10-14 08:24:15.455915,orinsteadofand,,,false,false,false,false,false,false,false,false,false,false,false,false,false,false,false,false,false,false,false,false,false,false,true,false
2019-10-14 08:25:01.347545,earlyexit,,,false,false,false,false,false,false,false,false,false,false,false,false,true,false,false,false,false,false,false,false,false,false,false,false
2019-10-14 08:25:04.746429,earlyexit,,,false,false,false,false,false,false,false,true,false,true,false,false,false,false,false,false,false,false,false,false,false,false,false,false
2019-10-14 08:25:10.053172,earlyexit,,,false,false,false,false,false,false,false,true,false,true,false,false,false,false,false,false,false,false,false,false,false,false,false,false
2019-10-14 08:25:14.329973,orinsteadofand,,,false,false,false,false,false,false,false,false,false,false,false,false,false,false,false,false,false,false,false,false,false,false,true,false
2019-10-14 08:25:26.015443,orinsteadofand,,,false,false,false,false,false,false,false,false,false,false,false,false,false,false,false,false,false,false,false,false,false,false,true,false
2019-10-14 08:25:31.755133,orinsteadofand,,,false,false,false,false,false,false,false,false,false,false,false,false,false,false,false,false,false,false,false,false,false,false,true,false
2019-10-14 08:25:33.571998,earlyexit,,,false,false,false,false,false,false,false,true,false,true,false,false,false,false,false,false,false,false,false,false,false,false,false,false
2019-10-14 11:13:26.796967,alwaysadd,,,false,false,false,false,false,false,false,false,false,false,false,false,false,true,true,false,false,false,false,false,false,false,false,false
2019-10-14 11:13:56.728286,foreachbutindex,,,false,false,true,true,true,true,false,false,false,false,false,false,false,false,false,false,false,false,false,false,false,false,false,false
2019-10-14 11:14:07.252787,alwaysadd,,,false,false,false,false,false,false,false,false,false,false,false,false,false,true,true,false,false,false,false,false,false,false,false,false
2019-10-14 11:15:47.313814,foreachbutindex,,,false,false,false,false,false,false,false,false,false,false,false,true,false,false,false,false,false,false,false,true,true,true,false,false
2019-10-14 11:16:22.172461,alwaysadd,,,false,false,false,false,false,false,false,false,false,false,false,false,false,true,true,false,false,false,false,false,false,false,false,false
2019-10-14 11:16:27.141027,alwaysadd,,,false,false,false,false,false,false,false,false,false,false,false,false,false,true,true,false,false,false,false,false,false,false,false,false
2019-10-14 11:16:31.828932,alwaysadd,,,false,false,false,false,false,false,false,false,false,false,false,false,false,true,true,false,false,false,false,false,false,false,false,false
2019-10-14 11:16:45.892842,alwaysadd,,,false,false,false,false,false,false,false,false,false,false,false,false,false,true,true,false,false,false,false,false,false,false,false,false
2019-10-14 11:17:00.067103,alwaysadd,,,false,false,false,false,false,false,false,false,false,false,false,false,false,true,true,false,false,false,false,false,false,false,false,false
2019-10-14 11:17:32.174305,alwaysadd,,,false,false,false,false,false,false,false,false,false,false,false,false,false,true,true,false,false,false,false,false,false,false,false,false
2019-10-14 11:17:38.245445,alwaysadd,,,false,false,false,false,false,false,false,false,false,false,false,false,false,true,true,false,false,false,false,false,false,false,false,false
2019-10-14 11:18:07.482397,foreachbutindex,,,false,false,false,false,false,false,false,false,false,false,false,true,false,false,false,false,false,false,false,true,true,true,false,false
2019-10-14 11:18:17.989465,foreachbutindex,,,false,false,true,true,true,true,false,false,false,false,false,false,false,false,false,false,false,false,false,false,false,false,false,false
2019-10-14 11:18:29.040816,alwaysadd,,,false,false,false,false,false,false,false,false,false,false,false,false,false,true,true,false,false,false,false,false,false,false,false,false
2019-10-14 11:18:44.766158,foreachbutindex,,,false,false,false,false,false,false,false,false,false,false,false,false,false,false,false,false,false,false,false,false,false,true,false,false
2019-10-14 11:20:07.233355,alwaysadd,,,false,false,false,false,false,false,false,false,false,false,false,false,false,true,true,false,false,false,false,false,false,false,false,false
2019-10-14 11:20:24.825228,alwaysadd,,,false,false,false,false,false,false,false,false,false,false,false,false,false,true,true,false,false,false,false,false,false,false,false,false
2019-10-14 11:22:26.493704,alwaysadd,,,false,false,false,false,false,false,false,false,false,false,false,false,false,true,true,false,false,false,false,false,false,false,false,false
2019-10-14 11:22:31.005326,alwaysadd,,,false,false,false,false,false,false,false,false,false,false,false,false,false,true,true,false,false,false,false,false,false,false,false,false
2019-10-14 11:23:00.029548,alwaysadd,,,false,false,false,false,false,false,false,false,false,false,false,false,false,true,true,false,false,false,false,false,false,false,false,false
2019-10-14 11:23:11.773791,alwaysadd,,,false,false,false,false,false,false,false,false,false,false,false,false,false,true,true,false,false,false,false,false,false,false,false,false
2019-10-14 11:23:27.165978,alwaysadd,,,false,false,false,false,false,false,false,false,false,false,false,false,false,true,true,false,false,false,false,false,false,false,false,false
2019-10-14 11:23:31.136012,alwaysadd,,,false,false,false,false,false,false,false,false,false,false,false,false,false,false,false,false,false,false,false,false,false,false,false,false
2019-10-14 11:23:39.772245,alwaysadd,,,false,false,false,false,false,false,false,false,false,false,false,false,false,true,true,false,false,false,false,false,false,false,false,false
2019-10-14 11:24:28.912869,alwaysadd,,,false,false,false,false,false,false,false,false,false,false,false,false,false,false,false,false,false,false,false,false,false,false,false,false
2019-10-14 11:26:02.448251,alwaysadd,,,false,false,false,false,false,false,false,false,false,false,true,false,false,true,false,false,false,false,false,false,false,false,false,false
2019-10-14 11:30:59.982217,alwaysadd,,,false,false,false,false,false,false,false,false,false,false,false,false,false,true,true,false,false,false,false,false,false,false,false,false
2019-10-14 11:31:47.125823,alwaysadd,,,false,false,false,false,false,false,false,false,false,false,false,false,false,true,true,false,false,false,false,false,false,false,false,false
2019-10-14 11:33:03.677725,alwaysadd,,,false,false,false,false,false,false,false,false,false,false,false,false,false,true,true,false,false,false,false,false,false,false,false,false
2019-10-14 11:33:53.835525,orinsteadofand,,,false,false,false,false,false,false,false,false,false,false,false,false,false,false,false,false,false,false,false,false,false,false,true,false
2019-10-14 11:35:33.409988,orinsteadofand,,,false,false,false,false,false,false,false,false,false,false,false,false,false,false,false,false,false,false,false,false,false,false,true,false
2019-10-14 11:35:52.254677,alwaysadd,,,false,false,false,false,false,false,false,false,false,false,false,false,false,true,true,false,false,false,false,false,false,false,false,false
2019-10-14 11:42:30.208876,alwaysadd,,,false,false,false,false,false,false,false,false,false,false,false,false,false,true,true,false,false,false,false,false,false,false,false,false
2019-10-14 12:53:30.729756,foreachbutindex,,,false,false,true,true,true,true,false,false,false,false,false,false,false,false,false,false,false,false,false,false,false,false,false,false
2019-10-14 12:55:09.173016,foreachbutindex,,,false,false,true,true,true,true,false,false,false,false,false,false,false,false,false,false,false,false,false,false,false,false,false,false
2019-10-14 12:55:23.792164,foreachbutindex,,,false,false,true,true,true,true,false,false,false,false,false,false,false,false,false,false,false,false,false,false,false,false,false,false
2019-10-14 12:57:03.027286,foreachbutindex,,,false,false,true,true,true,true,false,false,false,false,false,false,false,false,false,false,false,false,false,false,false,false,false,false
2019-10-14 12:57:26.953488,alwaysadd,,,false,false,false,false,false,false,false,false,false,false,false,false,false,true,true,false,false,false,false,false,false,false,false,false
2019-10-14 12:57:42.401531,foreachbutindex,,,false,false,true,true,true,true,false,false,false,false,false,false,false,false,false,false,false,false,false,false,false,false,false,false
2019-10-14 12:57:47.17737,alwaysadd,,,false,false,false,false,false,false,false,false,false,false,false,false,false,true,true,false,false,false,false,false,false,false,false,false
2019-10-14 12:57:54.911961,foreachbutindex,,,false,false,true,true,true,true,false,false,false,false,false,false,false,false,false,false,false,false,false,false,false,false,false,false
2019-10-14 12:58:01.710408,alwaysadd,,,false,false,false,false,false,false,false,false,false,false,false,false,false,true,true,false,false,false,false,false,false,false,false,false
2019-10-14 12:59:09.482836,foreachbutindex,,,false,false,true,true,true,true,false,false,false,false,false,false,false,false,false,false,false,false,false,false,false,false,false,false
2019-10-14 12:59:18.309854,foreachbutindex,,,false,false,false,false,false,false,false,false,false,false,false,false,false,false,false,false,false,false,false,true,true,true,false,false
2019-10-14 12:59:27.238338,alwaysadd,,,false,false,false,false,false,false,false,false,false,false,false,false,false,true,true,false,false,false,false,false,false,false,false,false
2019-10-14 12:59:53.653596,foreachbutindex,,,false,false,false,false,false,false,false,false,false,false,false,false,false,false,false,false,false,false,false,true,true,true,false,false
2019-10-14 13:00:06.346381,foreachbutindex,,,false,false,true,true,true,true,false,false,false,false,false,false,false,false,false,false,false,false,false,false,false,false,false,false
2019-10-14 13:00:10.714661,alwaysadd,,,false,false,false,false,false,false,false,false,false,false,false,false,false,true,true,false,false,false,false,false,false,false,false,false
2019-10-14 13:00:11.897401,alwaysadd,,,false,false,false,false,false,false,false,false,false,false,true,false,false,true,true,false,false,false,false,false,false,false,false,false
2019-10-14 13:00:31.510904,alwaysadd,,,false,false,false,false,false,false,false,false,false,false,false,false,false,true,true,false,false,false,false,false,false,false,false,false
2019-10-14 13:00:46.158164,foreachbutindex,,,false,false,false,false,false,false,false,false,false,false,true,false,false,false,false,false,false,false,false,false,false,true,false,false
2019-10-14 13:01:10.131688,foreachbutindex,,,false,false,false,false,false,false,false,false,false,false,false,false,false,false,false,false,false,false,false,true,true,true,false,false
2019-10-14 13:02:11.787468,alwaysadd,,,false,false,false,false,false,false,false,false,false,false,false,false,false,true,true,false,false,false,false,false,false,false,false,false
2019-10-14 13:02:25.377783,alwaysadd,,,false,false,false,false,false,false,false,false,false,false,false,false,false,true,false,false,false,false,false,false,false,false,false,false
2019-10-14 13:03:19.147846,alwaysadd,,,false,false,false,false,false,false,false,false,false,false,true,false,false,true,true,false,false,false,false,false,false,false,false,false
2019-10-14 13:03:56.525345,alwaysadd,,,false,false,false,false,false,false,false,false,false,false,false,false,false,true,true,false,false,false,false,false,false,false,false,false
2019-10-14 13:04:46.054464,alwaysadd,,,false,false,false,false,false,false,false,false,false,false,false,false,false,true,true,false,false,false,false,false,false,false,false,false
2019-10-14 13:05:22.40579,alwaysadd,,,false,false,false,false,false,false,false,false,false,false,false,false,false,true,true,false,false,false,false,false,false,false,false,false
2019-10-14 13:06:21.119514,alwaysadd,,,false,false,false,false,false,false,false,false,false,false,true,false,false,true,true,false,false,false,false,false,false,false,false,false
2019-10-14 13:06:22.540137,alwaysadd,,,false,false,false,false,false,false,false,false,false,false,false,false,false,true,true,false,false,false,false,false,false,false,false,false
2019-10-14 13:06:24.522913,alwaysadd,,,false,false,false,false,false,false,false,false,false,false,false,false,false,true,true,false,false,false,false,false,false,false,false,false
2019-10-14 13:06:41.781793,alwaysadd,,,false,false,false,false,false,false,false,false,false,false,false,false,false,true,true,false,false,false,false,false,false,false,false,false
2019-10-14 13:07:03.081734,alwaysadd,,,false,false,false,false,false,false,false,false,false,false,false,false,false,true,true,false,false,false,false,false,false,false,false,false
2019-10-14 13:07:51.65096,foreachbutindex,,,false,false,false,false,false,false,false,false,false,false,false,false,false,false,false,false,false,false,false,true,true,true,false,false
2019-10-14 13:08:30.237803,alwaysadd,,,false,false,false,false,false,false,false,false,false,false,false,false,false,true,true,false,false,false,false,false,false,false,false,false
2019-10-14 13:08:43.788345,earlyexit,,,false,false,false,false,false,false,false,false,false,false,false,false,true,false,false,false,false,false,false,false,false,false,false,false
2019-10-14 13:09:51.505269,alwaysadd,,,false,false,false,false,false,false,false,false,false,false,false,false,false,true,true,false,false,false,false,false,false,false,false,false
2019-10-14 13:09:54.01706,alwaysadd,,,false,false,false,false,false,false,false,false,false,false,false,false,false,true,true,false,false,false,false,false,false,false,false,false
2019-10-14 13:10:00.454765,alwaysadd,,,false,false,false,false,false,false,false,false,false,false,false,false,false,true,true,false,false,false,false,false,false,false,false,false
2019-10-14 13:10:05.778143,alwaysadd,,,false,false,false,false,false,false,false,false,false,false,false,false,false,true,true,false,false,false,false,false,false,false,false,false
2019-10-14 13:15:47.061761,orinsteadofand,,,false,false,false,false,false,false,false,false,false,false,false,false,false,false,false,false,false,false,false,false,false,false,true,false
2019-10-14 13:17:13.457925,foreachbutindex,,,false,false,false,false,false,false,false,false,false,false,false,false,false,false,false,false,false,false,false,false,false,false,false,false
2019-10-14 13:18:00.844751,alwaysadd,,,false,false,false,false,false,false,false,false,false,false,false,false,false,true,true,false,false,false,false,false,false,false,false,false
2019-10-14 13:18:28.46195,foreachbutindex,,,false,false,true,true,true,true,false,false,false,false,false,false,false,false,false,false,false,false,false,false,false,false,false,false
2019-10-14 13:18:54.76195,alwaysadd,,,false,false,false,false,false,false,false,false,false,false,true,true,false,false,true,false,false,false,false,false,false,false,false,false
2019-10-14 13:19:31.292664,alwaysadd,,,false,false,false,false,false,false,false,false,false,false,false,false,false,true,true,false,false,false,false,false,false,false,false,false
2019-10-14 13:19:57.230293,foreachbutindex,,,false,false,false,false,false,false,false,false,false,false,false,false,false,false,false,false,false,false,false,false,false,false,false,false
2019-10-15 12:59:50.981797,foreachbutindex,,,false,false,true,true,true,true,false,false,false,false,false,false,false,false,false,false,false,false,false,false,false,false,false,false
2019-10-15 13:00:26.974454,alwaysadd,,,false,false,false,false,false,false,false,false,false,false,false,false,false,true,true,false,false,false,false,false,false,false,false,false
2019-10-15 13:01:06.586344,foreachbutindex,,,false,false,true,true,true,true,false,false,false,false,false,false,false,false,false,false,false,false,false,false,false,false,false,false
2019-10-15 13:01:49.447295,foreachbutindex,,,false,false,true,true,true,true,false,false,false,false,false,false,false,false,false,false,false,false,false,false,false,false,false,false
2019-10-15 13:02:15.198086,foreachbutindex,,,false,false,true,true,true,true,false,false,false,false,false,false,false,false,false,false,false,false,false,false,false,false,false,false
2019-10-15 13:02:27.857691,foreachbutindex,,,false,false,true,true,true,true,false,false,false,false,false,false,false,false,false,false,false,false,false,false,false,false,false,false
2019-10-15 13:02:30.40942,alwaysadd,,,false,false,false,false,false,false,false,false,false,false,false,false,false,true,true,false,false,false,false,false,false,false,false,false
2019-10-15 13:02:46.782054,foreachbutindex,,,false,false,true,true,true,true,false,false,false,false,false,false,false,false,false,false,false,false,false,false,false,false,false,false
2019-10-15 13:04:20.407042,alwaysadd,,,false,false,false,false,false,false,false,false,false,false,false,false,false,true,true,false,false,false,false,false,false,false,false,false
2019-10-15 13:06:20.626644,alwaysadd,,,false,false,false,false,false,false,false,false,false,false,false,false,false,true,true,false,false,false,false,false,false,false,false,false
2019-10-15 13:06:28.182818,alwaysadd,,,false,false,false,false,false,false,false,false,false,false,false,false,false,true,true,false,false,false,false,false,false,false,false,false
2019-10-15 13:07:43.050178,foreachbutindex,,,false,false,false,false,false,false,false,false,false,false,false,false,false,false,false,false,false,false,false,true,true,true,false,false
2019-10-15 13:08:03.288564,foreachbutindex,,,false,false,true,true,true,true,false,false,false,false,false,false,false,false,false,false,false,false,false,false,false,false,false,false
2019-10-15 13:08:03.848242,foreachbutindex,,,false,false,false,false,false,false,false,false,false,false,false,false,false,false,false,false,false,false,false,true,true,true,false,false
2019-10-15 13:08:12.505291,foreachbutindex,,,false,false,false,false,false,false,false,false,false,false,false,false,false,false,false,false,false,false,false,true,true,true,false,false
2019-10-15 13:08:29.598545,foreachbutindex,,,false,false,false,false,false,false,false,false,false,false,false,true,false,false,false,false,false,false,false,true,true,true,false,false
2019-10-15 13:11:40.56752,foreachbutindex,,,false,false,true,true,true,true,false,false,false,false,false,false,false,false,false,false,false,false,false,false,false,false,false,false
2019-10-15 13:12:10.399075,alwaysadd,,,false,false,false,false,false,false,false,false,false,false,false,false,false,true,true,false,false,false,false,false,false,false,false,false
2019-10-15 13:12:44.041,alwaysadd,,,false,false,false,false,false,false,false,false,false,false,false,false,false,true,true,false,false,false,false,false,false,false,false,false
2019-10-15 13:13:01.226099,foreachbutindex,,,false,false,true,true,true,true,false,false,false,false,false,false,false,false,false,false,false,false,false,false,false,false,false,false
2019-10-15 13:13:30.726032,foreachbutindex,,,false,false,true,true,true,true,false,false,false,false,false,false,false,false,false,false,false,false,false,false,false,false,false,false
2019-10-15 13:14:10.030054,foreachbutindex,,,false,false,true,true,true,true,false,false,false,false,false,false,false,false,false,false,false,false,false,false,false,false,false,false
2019-10-15 13:14:41.612572,foreachbutindex,,,false,false,false,false,false,false,false,false,false,false,false,false,false,false,false,false,false,false,false,true,true,true,false,false
2019-10-15 13:16:51.470678,alwaysadd,,,false,false,false,false,false,false,false,false,false,false,true,false,false,true,false,false,false,false,false,false,false,false,false,false
2019-10-15 13:20:03.964386,alwaysadd,,,false,false,false,false,false,false,false,false,false,false,false,false,false,true,true,false,false,false,false,false,false,false,false,false
2019-10-16 09:04:54.302103,foreachbutindex,,,false,false,true,true,true,true,false,false,false,false,false,false,false,false,false,false,false,false,false,false,false,false,false,false
2019-10-16 09:05:50.373796,foreachbutindex,,,false,false,true,true,true,true,false,false,false,false,false,false,false,false,false,false,false,false,false,false,false,false,false,false
2019-10-16 09:06:31.087115,foreachbutindex,,,false,false,true,true,true,true,false,false,false,false,false,false,false,false,false,false,false,false,false,false,false,false,false,false
2019-10-16 09:06:47.119638,foreachbutindex,,,false,false,false,false,true,true,false,false,false,false,false,false,false,false,false,false,false,false,false,false,false,false,false,false
2019-10-16 09:07:33.121703,foreachbutindex,,,false,false,true,true,true,true,false,false,false,false,false,false,false,false,false,false,false,false,false,false,false,false,false,false
2019-10-16 09:08:38.377685,alwaysadd,,,false,false,false,false,false,false,false,false,false,false,false,false,false,true,true,false,false,false,false,false,false,false,false,false
2019-10-16 09:09:10.505717,foreachbutindex,,,false,false,true,true,true,true,false,false,false,false,false,false,false,false,false,false,false,false,false,false,false,false,false,false
2019-10-16 09:09:40.461717,alwaysadd,,,false,false,false,false,false,false,false,false,false,false,true,true,false,false,true,false,false,false,false,false,false,false,false,false
2019-10-16 09:09:47.516606,alwaysadd,,,false,false,false,false,false,false,false,false,false,false,false,false,false,true,true,false,false,false,false,false,false,false,false,false
2019-10-16 09:10:04.748859,alwaysadd,,,false,false,false,false,false,false,false,false,false,false,false,false,false,true,true,false,false,false,false,false,false,false,false,false
2019-10-16 09:11:14.115035,alwaysadd,,,false,false,false,false,false,false,false,false,false,false,false,false,false,true,true,false,false,false,false,false,false,false,false,false
2019-10-16 09:11:28.16597,alwaysadd,,,false,false,false,false,false,false,false,false,false,false,false,false,false,true,true,false,false,false,false,false,false,false,false,false
2019-10-16 09:11:30.369927,alwaysadd,,,false,false,false,false,false,false,false,false,false,false,false,false,false,true,true,false,false,false,false,false,false,false,false,false
2019-10-16 09:11:31.973876,foreachbutindex,,,false,false,false,false,false,false,false,false,false,false,false,false,false,false,false,false,false,false,false,true,true,true,false,false
2019-10-16 09:12:00.621462,alwaysadd,,,false,false,false,false,false,false,false,false,false,false,false,false,false,true,true,false,false,false,false,false,false,false,false,false
2019-10-16 09:12:05.853943,foreachbutindex,,,false,false,true,true,true,true,false,false,false,false,false,false,false,false,false,false,false,false,false,false,false,false,false,false
2019-10-16 09:12:27.304173,foreachbutindex,,,false,false,false,false,false,false,false,false,false,false,false,true,false,false,false,false,false,false,false,true,true,true,false,false
2019-10-16 09:13:01.875429,foreachbutindex,,,false,false,true,true,true,true,false,false,false,false,false,false,false,false,false,false,false,false,false,false,false,false,false,false
2019-10-16 09:13:04.218808,alwaysadd,,,false,false,false,false,false,false,false,false,false,false,false,false,false,true,true,false,false,false,false,false,false,false,false,false
2019-10-16 09:13:14.253845,foreachbutindex,,,false,false,false,false,false,false,false,false,false,false,false,false,false,false,false,false,false,false,false,true,true,true,false,false
2019-10-16 09:13:21.727563,alwaysadd,,,false,false,false,false,false,false,false,false,false,false,false,false,false,true,true,false,false,false,false,false,false,false,false,false
2019-10-16 09:13:28.390245,alwaysadd,,,false,false,false,false,false,false,false,false,false,false,false,false,false,true,true,false,false,false,false,false,false,false,false,false
2019-10-16 09:14:20.638624,foreachbutindex,,,false,false,true,true,true,true,false,false,false,false,false,false,false,false,false,false,false,false,false,false,false,false,false,false
2019-10-16 09:14:46.963925,alwaysadd,,,false,false,false,false,false,false,false,false,false,false,false,false,false,true,true,false,false,false,false,false,false,false,false,false
2019-10-16 09:15:29.66799,alwaysadd,,,false,false,false,false,false,false,false,false,false,false,false,false,false,true,true,false,false,false,false,false,false,false,false,false
2019-10-16 09:15:34.516663,foreachbutindex,,,false,false,false,false,false,false,false,false,false,false,false,false,false,false,false,false,false,false,false,true,true,true,false,false
2019-10-16 09:15:38.085827,alwaysadd,,,false,false,false,false,false,false,false,false,false,false,false,false,false,true,true,false,false,false,false,false,false,false,false,false
2019-10-16 09:15:43.063429,alwaysadd,,,false,false,false,false,false,false,false,false,false,false,false,false,false,true,true,false,false,false,false,false,false,false,false,false
2019-10-16 09:15:57.017408,foreachbutindex,,,false,false,true,true,true,true,false,false,false,false,false,false,false,false,false,false,false,false,false,false,false,false,false,false
2019-10-16 09:16:08.222305,foreachbutindex,,,false,false,false,false,false,false,false,false,false,false,false,true,false,false,false,false,false,false,false,true,true,true,false,false
2019-10-16 09:16:33.774684,alwaysadd,,,false,false,false,false,false,false,false,false,false,false,false,false,false,true,true,false,false,false,false,false,false,false,false,false
2019-10-16 09:16:39.153978,alwaysadd,,,false,false,false,false,false,false,false,false,false,false,false,false,false,true,true,false,false,false,false,false,false,false,false,false
2019-10-16 09:17:27.824733,alwaysadd,,,false,false,false,false,false,false,false,false,false,false,false,false,false,true,true,false,false,false,false,false,false,false,false,false
2019-10-16 09:18:07.28029,alwaysadd,,,false,false,false,false,false,false,false,false,false,false,false,false,false,true,true,false,false,false,false,false,false,false,false,false
2019-10-16 09:18:12.948254,alwaysadd,,,false,false,false,false,false,false,false,false,false,false,false,false,false,true,true,false,false,false,false,false,false,false,false,false
2019-10-16 09:19:09.983756,alwaysadd,,,false,false,false,false,false,false,false,false,false,false,false,false,false,true,true,false,false,false,false,false,false,false,false,false
2019-10-16 09:19:15.253541,alwaysadd,,,false,false,false,false,false,false,false,false,false,false,false,false,false,true,true,false,false,false,false,false,false,false,false,false
2019-10-16 09:20:02.571565,alwaysadd,,,false,false,false,false,false,false,false,false,false,false,false,false,false,true,true,false,false,false,false,false,false,false,false,false
2019-10-16 09:20:34.486829,foreachbutindex,,,false,false,false,false,false,false,false,false,false,false,false,false,false,false,false,false,false,false,false,false,false,false,false,false
2019-10-16 09:20:37.945734,foreachbutindex,,,false,false,false,false,false,false,false,false,false,false,false,false,false,false,false,false,false,false,false,false,false,false,false,false
2019-10-16 09:20:48.557677,foreachbutindex,,,false,false,false,false,false,false,false,false,false,false,false,false,false,false,false,false,false,false,false,false,false,false,false,false
2019-10-16 09:20:52.329715,alwaysadd,,,false,false,false,false,false,false,false,false,false,false,false,false,false,true,true,false,false,false,false,false,false,false,false,false
2019-10-16 09:22:08.653931,alwaysadd,,,false,false,false,false,false,false,false,false,false,false,false,false,false,true,true,false,false,false,false,false,false,false,false,false
2019-10-16 09:22:41.008726,alwaysadd,,,false,false,false,false,false,false,false,false,false,false,false,false,false,true,true,false,false,false,false,false,false,false,false,false
2019-10-16 09:22:40.910967,foreachbutindex,,,false,false,false,false,false,false,false,false,false,false,false,false,false,false,false,false,false,false,false,false,false,false,false,false
2019-10-16 09:23:39.979753,foreachbutindex,,,false,false,false,false,false,false,false,false,false,false,false,false,false,false,false,false,false,false,false,false,false,false,false,false
2019-10-16 09:23:46.880289,alwaysadd,,,false,false,false,false,false,false,false,false,false,false,false,false,false,true,true,false,false,false,false,false,false,false,false,false
2019-10-16 09:24:24.415513,orinsteadofand,,,false,false,false,false,false,false,false,false,false,false,false,false,false,false,false,false,false,false,false,false,false,false,true,false
2019-10-16 09:26:05.750688,alwaysadd,,,false,false,false,false,false,false,false,false,false,false,false,false,false,true,true,false,false,false,false,false,false,false,false,false
2019-10-16 09:26:26.136058,orinsteadofand,,,false,false,false,false,false,false,false,false,false,false,false,false,false,false,false,false,false,false,false,false,false,false,true,false
2019-10-16 09:30:04.001204,orinsteadofand,,,false,false,false,false,false,false,false,false,false,false,false,false,false,false,false,false,false,false,false,false,false,false,true,false
2019-10-16 09:30:06.303388,orinsteadofand,,,false,false,false,false,false,false,false,false,false,false,false,false,false,false,false,false,false,false,false,false,false,false,true,false
2019-10-16 09:30:45.177257,orinsteadofand,,,false,false,false,false,false,false,false,false,false,false,false,false,false,false,false,false,false,false,false,false,false,false,true,false
2019-10-16 09:30:51.348998,earlyexit,,,false,false,false,false,false,false,false,false,false,false,false,false,false,false,false,false,false,false,true,false,false,false,false,false
2019-10-16 09:31:15.313524,orinsteadofand,,,false,false,false,false,false,false,false,false,false,false,false,false,false,false,false,false,false,false,false,false,false,false,true,false
2019-10-16 09:31:34.194482,earlyexit,,,false,false,false,false,false,false,false,false,false,false,false,false,false,false,false,false,false,false,true,false,false,false,false,false
2019-10-16 09:32:47.828565,alwaysadd,,,false,false,false,false,false,false,false,false,false,false,false,false,false,true,true,false,false,false,false,false,false,false,false,false
2019-10-16 09:34:42.534387,orinsteadofand,,,false,false,false,false,false,false,false,false,false,false,false,false,false,false,false,false,false,false,false,false,false,false,false,true
2019-10-16 10:59:50.065701,foreachbutindex,,,false,false,true,true,true,true,false,false,false,false,false,false,false,false,false,false,false,false,false,false,false,false,false,false
2019-10-16 11:00:37.986295,foreachbutindex,,,false,false,false,false,false,false,false,false,false,false,false,false,false,false,false,false,false,false,false,true,true,true,false,false
2019-10-16 11:00:52.595346,foreachbutindex,,,false,false,false,false,false,false,false,false,false,false,false,false,false,false,false,false,false,false,false,true,true,true,false,false
2019-10-16 11:01:35.777696,foreachbutindex,,,false,false,true,true,true,true,false,false,false,false,false,false,false,false,false,false,false,false,false,false,false,false,false,false
2019-10-16 11:01:59.903476,foreachbutindex,,,false,false,true,true,true,true,false,false,false,false,false,false,false,false,false,false,false,false,false,false,false,false,false,false
2019-10-16 11:02:13.046865,earlyexit,,,false,false,false,false,false,false,false,true,false,true,false,false,false,false,false,false,false,false,false,false,false,false,false,false
2019-10-16 11:02:55.235508,foreachbutindex,,,false,false,true,true,true,true,false,false,false,false,false,false,false,false,false,false,false,false,false,false,false,false,false,false
2019-10-16 11:03:45.307303,foreachbutindex,,,false,false,true,true,true,true,false,false,false,false,false,false,false,false,false,false,false,false,false,false,false,false,false,false
2019-10-16 11:04:05.376591,alwaysadd,,,false,false,false,false,false,false,false,false,false,false,false,false,false,true,true,false,false,false,false,false,false,false,false,false
2019-10-16 11:04:13.900591,foreachbutindex,,,false,false,true,true,true,true,false,false,false,false,false,false,false,false,false,false,false,false,false,false,false,false,false,false
2019-10-16 11:04:50.430328,alwaysadd,,,false,false,false,false,false,false,false,false,false,false,true,false,false,true,false,false,false,false,false,false,false,false,false,false
2019-10-16 11:05:02.920719,alwaysadd,,,false,false,false,false,false,false,false,false,false,false,false,false,false,true,true,false,false,false,false,false,false,false,false,false
2019-10-16 11:05:10.028702,alwaysadd,,,false,false,false,false,false,false,false,false,false,false,false,false,false,true,true,false,false,false,false,false,false,false,false,false
2019-10-16 11:05:32.136805,alwaysadd,,,false,false,false,false,false,false,false,false,false,false,false,false,false,true,true,false,false,false,false,false,false,false,false,false
2019-10-16 11:05:40.464061,alwaysadd,,,false,false,false,false,false,false,false,false,false,false,true,false,false,true,false,false,false,false,false,false,false,false,false,false
2019-10-16 11:05:45.429479,alwaysadd,,,false,false,false,false,false,false,false,false,false,false,false,false,false,true,true,false,false,false,false,false,false,false,false,false
2019-10-16 11:06:12.270077,alwaysadd,,,false,false,false,false,false,false,false,false,false,false,false,false,false,true,true,false,false,false,false,false,false,false,false,false
2019-10-16 11:06:40.717409,foreachbutindex,,,false,false,false,false,false,false,false,false,false,false,false,false,false,false,false,false,false,false,false,true,true,true,false,false
2019-10-16 11:06:42.12796,alwaysadd,,,false,false,false,false,false,false,false,false,false,false,false,false,false,true,true,false,false,false,false,false,false,false,false,false
2019-10-16 11:06:44.457061,alwaysadd,,,false,false,false,false,false,false,false,false,false,false,false,false,false,true,true,false,false,false,false,false,false,false,false,false
2019-10-16 11:06:57.902623,alwaysadd,,,false,false,false,false,false,false,false,false,false,false,false,false,false,true,true,false,false,false,false,false,false,false,false,false
2019-10-16 11:06:59.530326,alwaysadd,,,false,false,false,false,false,false,false,false,false,false,false,false,false,true,true,false,false,false,false,false,false,false,false,false
2019-10-16 11:07:01.573511,foreachbutindex,,,false,false,true,true,true,true,false,false,false,false,false,false,false,false,false,false,false,false,false,false,false,false,false,false
2019-10-16 11:07:26.635252,foreachbutindex,,,false,false,true,true,true,true,false,false,false,false,false,false,false,false,false,false,false,false,false,false,false,false,false,false
2019-10-16 11:07:31.465664,alwaysadd,,,false,false,false,false,false,false,false,false,false,false,false,false,false,true,true,false,false,false,false,false,false,false,false,false
2019-10-16 11:07:57.201583,alwaysadd,,,false,false,false,false,false,false,false,false,false,false,false,false,false,true,true,false,false,false,false,false,false,false,false,false
2019-10-16 11:07:57.558839,alwaysadd,,,false,false,false,false,false,false,false,false,false,false,false,false,false,true,true,false,false,false,false,false,false,false,false,false
2019-10-16 11:08:07.088192,alwaysadd,,,false,false,false,false,false,false,false,false,false,false,false,false,false,true,true,false,false,false,false,false,false,false,false,false
2019-10-16 11:08:09.862605,alwaysadd,,,false,false,false,false,false,false,false,false,false,false,false,false,false,true,true,false,false,false,false,false,false,false,false,false
2019-10-16 11:08:18.682147,alwaysadd,,,false,false,false,false,false,false,false,false,false,false,false,false,false,true,true,false,false,false,false,false,false,false,false,false
2019-10-16 11:08:21.605548,foreachbutindex,,,false,false,true,true,true,true,false,false,false,false,false,false,false,false,false,false,false,false,false,false,false,false,false,false
2019-10-16 11:08:23.369706,alwaysadd,,,false,false,false,false,false,false,false,false,false,false,false,false,false,true,true,false,false,false,false,false,false,false,false,false
2019-10-16 11:08:50.750646,alwaysadd,,,false,false,false,false,false,false,false,false,false,false,false,false,false,true,true,false,false,false,false,false,false,false,false,false
2019-10-16 11:08:55.95563,alwaysadd,,,false,false,false,false,false,false,false,false,false,false,false,false,false,true,true,false,false,false,false,false,false,false,false,false
2019-10-16 11:09:09.6353,alwaysadd,,,false,false,false,false,false,false,false,false,false,false,false,false,false,true,true,false,false,false,false,false,false,false,false,false
2019-10-16 11:09:14.217662,alwaysadd,,,false,false,false,false,false,false,false,false,false,false,false,false,false,true,true,false,false,false,false,false,false,false,false,false
2019-10-16 11:09:57.102632,alwaysadd,,,false,false,false,false,false,false,false,false,false,false,false,false,false,true,true,false,false,false,false,false,false,false,false,false
2019-10-16 11:09:58.454126,alwaysadd,,,false,false,false,false,false,false,false,false,false,false,false,false,false,true,true,false,false,false,false,false,false,false,false,false
2019-10-16 11:10:04.593667,alwaysadd,,,false,false,false,false,false,false,false,false,false,false,false,false,false,true,true,false,false,false,false,false,false,false,false,false
2019-10-16 11:10:12.049711,alwaysadd,,,false,false,false,false,false,false,false,false,false,false,false,false,false,true,true,false,false,false,false,false,false,false,false,false
2019-10-16 11:10:24.729759,alwaysadd,,,false,false,false,false,false,false,false,false,false,false,false,false,false,true,true,false,false,false,false,false,false,false,false,false
2019-10-16 11:10:47.833718,foreachbutindex,,,false,false,false,false,false,false,false,false,false,false,false,false,false,false,false,false,false,false,false,true,true,true,false,false
2019-10-16 11:10:50.937868,alwaysadd,,,false,false,false,false,false,false,false,false,false,false,false,false,false,true,true,false,false,false,false,false,false,false,false,false
2019-10-16 11:11:11.653652,foreachbutindex,,,false,false,false,false,false,false,false,false,false,false,false,false,false,false,false,false,false,false,false,true,true,true,false,false
2019-10-16 11:11:25.559016,alwaysadd,,,false,false,false,false,false,false,false,false,false,false,false,false,false,true,true,false,false,false,false,false,false,false,false,false
2019-10-16 11:11:38.340236,foreachbutindex,,,false,false,false,false,false,false,false,false,false,false,false,true,false,false,false,false,false,false,false,true,true,true,false,false
2019-10-16 11:11:50.478667,alwaysadd,,,false,false,false,false,false,false,false,false,false,false,false,false,false,true,true,false,false,false,false,false,false,false,false,false
2019-10-16 11:11:57.32969,alwaysadd,,,false,false,false,false,false,false,false,false,false,false,false,false,false,true,true,false,false,false,false,false,false,false,false,false
2019-10-16 11:12:00.889047,alwaysadd,,,false,false,false,false,false,false,false,false,false,false,false,false,false,true,true,false,false,false,false,false,false,false,false,false
2019-10-16 11:12:10.336273,alwaysadd,,,false,false,false,false,false,false,false,false,false,false,false,false,false,true,true,false,false,false,false,false,false,false,false,false
2019-10-16 11:12:29.610134,alwaysadd,,,false,false,false,false,false,false,false,false,false,false,false,false,false,true,true,false,false,false,false,false,false,false,false,false
2019-10-16 11:12:37.976086,alwaysadd,,,false,false,false,false,false,false,false,false,false,false,false,false,false,true,true,false,false,false,false,false,false,false,false,false
2019-10-16 11:12:42.075292,alwaysadd,,,false,false,false,false,false,false,false,false,false,false,false,false,false,true,true,false,false,false,false,false,false,false,false,false
2019-10-16 11:12:43.632705,alwaysadd,,,false,false,false,false,false,false,false,false,false,false,false,false,false,true,true,false,false,false,false,false,false,false,false,false
2019-10-16 11:12:46.168843,alwaysadd,,,false,false,false,false,false,false,false,false,false,false,false,false,false,true,true,false,false,false,false,false,false,false,false,false
2019-10-16 11:13:01.687641,alwaysadd,,,false,false,false,false,false,false,false,false,false,false,false,false,false,true,true,false,false,false,false,false,false,false,false,false
2019-10-16 11:13:20.130091,alwaysadd,,,false,false,false,false,false,false,false,false,false,false,false,false,false,true,true,false,false,false,false,false,false,false,false,false
2019-10-16 11:13:24.222802,alwaysadd,,,false,false,false,false,false,false,false,false,false,false,false,false,false,true,true,false,false,false,false,false,false,false,false,false
2019-10-16 11:13:29.619515,alwaysadd,,,false,false,false,false,false,false,false,false,false,false,false,false,false,true,true,false,false,false,false,false,false,false,false,false
2019-10-16 11:13:59.259788,alwaysadd,,,false,false,false,false,false,false,false,false,false,false,false,false,false,true,true,false,false,false,false,false,false,false,false,false
2019-10-16 11:14:00.348164,alwaysadd,,,false,false,false,false,false,false,false,false,false,false,false,false,false,true,true,false,false,false,false,false,false,false,false,false
2019-10-16 11:14:09.408838,alwaysadd,,,false,false,false,false,false,false,false,false,false,false,false,false,false,true,true,false,false,false,false,false,false,false,false,false
2019-10-16 11:14:19.777899,alwaysadd,,,false,false,false,false,false,false,false,false,false,false,false,false,false,true,true,false,false,false,false,false,false,false,false,false
2019-10-16 11:14:26.193721,orinsteadofand,,,false,false,false,false,false,false,false,false,false,false,false,false,false,false,false,false,false,false,false,false,false,false,true,false
2019-10-16 11:14:38.973058,foreachbutindex,,,false,false,false,false,false,false,false,false,false,false,false,false,false,false,false,false,false,false,false,true,true,true,false,false
2019-10-16 11:15:01.47783,alwaysadd,,,false,false,false,false,false,false,false,false,false,false,false,false,false,true,true,false,false,false,false,false,false,false,false,false
2019-10-16 11:15:05.245381,alwaysadd,,,false,false,false,false,false,false,false,false,false,false,false,false,false,true,true,false,false,false,false,false,false,false,false,false
2019-10-16 11:15:14.969734,alwaysadd,,,false,false,false,false,false,false,false,false,false,false,false,false,false,true,true,false,false,false,false,false,false,false,false,false
2019-10-16 11:15:39.366996,alwaysadd,,,false,false,false,false,false,false,false,false,false,false,false,false,false,true,true,false,false,false,false,false,false,false,false,false
2019-10-16 11:15:56.15635,alwaysadd,,,false,false,false,false,false,false,false,false,false,false,false,false,false,true,true,false,false,false,false,false,false,false,false,false
2019-10-16 11:16:30.948025,alwaysadd,,,false,false,false,false,false,false,false,false,false,false,false,false,false,true,true,false,false,false,false,false,false,false,false,false
2019-10-16 11:16:43.892391,alwaysadd,,,false,false,false,false,false,false,false,false,false,false,false,false,false,true,true,false,false,false,false,false,false,false,false,false
2019-10-16 11:16:48.923283,alwaysadd,,,false,false,false,false,false,false,false,false,false,false,false,false,false,true,true,false,false,false,false,false,false,false,false,false
2019-10-16 11:17:08.316313,alwaysadd,,,false,false,false,false,false,false,false,false,false,false,false,false,false,true,true,false,false,false,false,false,false,false,false,false
2019-10-16 11:17:21.542407,alwaysadd,,,false,false,false,false,false,false,false,false,false,false,false,false,false,true,true,false,false,false,false,false,false,false,false,false
2019-10-16 11:17:23.980331,alwaysadd,,,false,false,false,false,false,false,false,false,false,false,false,false,false,true,true,false,false,false,false,false,false,false,false,false
2019-10-16 11:17:53.090274,orinsteadofand,,,false,false,false,false,false,false,false,false,false,false,false,false,false,false,false,false,false,false,false,false,false,false,true,false
2019-10-16 11:18:00.864911,alwaysadd,,,false,false,false,false,false,false,false,false,false,false,false,false,false,true,true,false,false,false,false,false,false,false,false,false
2019-10-16 11:18:33.019513,alwaysadd,,,false,false,false,false,false,false,false,false,false,false,false,false,false,true,true,false,false,false,false,false,false,false,false,false
2019-10-16 11:18:35.007138,alwaysadd,,,false,false,false,false,false,false,false,false,false,false,false,false,false,true,true,false,false,false,false,false,false,false,false,false
2019-10-16 11:19:15.128846,alwaysadd,,,false,false,false,false,false,false,false,false,false,false,false,false,false,true,true,false,false,false,false,false,false,false,false,false
2019-10-16 11:19:17.773821,alwaysadd,,,false,false,false,false,false,false,false,false,false,false,false,false,false,true,true,false,false,false,false,false,false,false,false,false
2019-10-16 11:20:04.98606,alwaysadd,,,false,false,false,false,false,false,false,false,false,false,false,false,false,true,true,false,false,false,false,false,false,false,false,false
2019-10-16 11:20:07.678831,alwaysadd,,,false,false,false,false,false,false,false,false,false,false,true,false,false,true,true,false,false,false,false,false,false,false,false,false
2019-10-16 11:20:44.300251,orinsteadofand,,,false,false,false,false,false,false,false,false,false,false,false,false,false,false,false,false,false,false,false,false,false,false,true,false
2019-10-16 11:20:51.89008,alwaysadd,,,false,false,false,false,false,false,false,false,false,false,false,false,false,true,true,false,false,false,false,false,false,false,false,false
2019-10-16 11:20:54.838802,alwaysadd,,,false,false,false,false,false,false,false,false,false,false,false,false,false,true,true,false,false,false,false,false,false,false,false,false
2019-10-16 11:20:58.992208,foreachbutindex,,,false,false,false,false,false,false,false,false,false,false,false,false,false,false,false,false,false,false,false,true,true,true,false,false
2019-10-16 11:21:35.098479,orinsteadofand,,,false,false,false,false,false,false,false,false,false,false,false,false,false,false,false,false,false,false,false,false,false,false,true,false
2019-10-16 11:22:43.017578,orinsteadofand,,,false,false,false,false,false,false,false,false,false,false,false,false,false,false,false,false,false,false,false,false,false,false,true,false
2019-10-16 11:23:01.718187,foreachbutindex,,,false,false,false,false,false,false,false,false,false,false,false,false,false,false,false,false,false,false,false,false,false,false,false,false
2019-10-16 11:23:30.030607,orinsteadofand,,,false,false,false,false,false,false,false,false,false,false,false,false,false,false,false,false,false,false,false,false,false,false,false,true
2019-10-16 11:23:50.755632,orinsteadofand,,,false,false,false,false,false,false,false,false,false,false,false,false,false,false,false,false,false,false,false,false,false,false,true,false
2019-10-16 11:26:43.362997,alwaysadd,,,false,false,false,false,false,false,false,false,false,false,false,false,false,true,true,false,false,false,false,false,false,false,false,false
2019-10-16 11:27:04.438972,orinsteadofand,,,false,false,false,false,false,false,false,false,false,false,false,false,false,false,false,false,false,false,false,false,false,false,true,false
2019-10-16 11:27:19.489388,alwaysadd,,,false,false,false,false,false,false,false,false,false,false,false,false,false,true,true,false,false,false,false,false,false,false,false,false
2019-10-16 11:28:13.282796,alwaysadd,,,false,false,false,false,false,false,false,false,false,false,false,false,false,true,true,false,false,false,false,false,false,false,false,false
2019-10-16 11:29:04.446126,orinsteadofand,,,false,false,false,false,false,false,false,false,false,false,false,false,false,false,false,false,false,false,false,false,false,false,true,false
2019-10-17 09:00:30.662941,earlyexit,,,false,false,true,false,false,false,true,false,false,true,false,false,false,false,false,false,false,false,false,false,false,false,false,false
2019-10-17 09:01:49.738683,earlyexit,,,false,false,false,false,false,false,false,true,false,true,false,false,false,false,false,false,false,false,false,false,false,false,false,false
2019-10-17 09:03:38.769839,foreachbutindex,,,false,false,true,true,true,true,false,false,false,false,false,false,false,false,false,false,false,false,false,false,false,false,false,false
2019-10-17 09:04:17.150613,foreachbutindex,,,false,false,true,true,true,true,false,false,false,false,false,false,false,false,false,false,false,false,false,false,false,false,false,false
2019-10-17 09:04:45.057317,foreachbutindex,,,false,false,true,true,true,true,false,false,false,false,false,false,false,false,false,false,false,false,false,false,false,false,false,false
2019-10-17 09:05:17.239042,foreachbutindex,,,false,false,true,true,true,true,false,false,false,false,false,false,false,false,false,false,false,false,false,false,false,false,false,false
2019-10-17 09:05:40.257759,alwaysadd,,,false,false,false,false,false,false,false,false,false,false,false,false,false,true,true,false,false,false,false,false,false,false,false,false
2019-10-17 09:05:52.454282,foreachbutindex,,,false,false,false,false,false,false,false,false,false,false,false,false,false,false,false,false,false,false,false,false,false,true,false,false
2019-10-17 09:05:53.271059,foreachbutindex,,,false,false,true,true,true,true,false,false,false,false,false,false,false,false,false,false,false,false,false,false,false,false,false,false
2019-10-17 09:06:02.799533,alwaysadd,,,false,false,false,false,false,false,false,false,false,false,true,false,false,true,false,false,false,false,false,false,false,false,false,false
2019-10-17 09:06:03.910704,foreachbutindex,,,false,false,true,true,true,true,false,false,false,false,false,false,false,false,false,false,false,false,false,false,false,false,false,false
2019-10-17 09:06:09.280018,alwaysadd,,,false,false,false,false,false,false,false,false,false,false,true,false,false,true,false,false,false,false,false,false,false,false,false,false
2019-10-17 09:06:28.069766,foreachbutindex,,,false,false,false,false,false,false,false,false,false,false,false,false,false,false,false,false,false,false,false,false,false,true,false,false
2019-10-17 09:06:28.113741,foreachbutindex,,,false,false,true,true,true,true,false,false,false,false,false,false,false,false,false,false,false,false,false,false,false,false,false,false
2019-10-17 09:06:38.198278,foreachbutindex,,,false,false,false,false,false,false,false,false,false,false,false,false,false,false,false,false,false,false,false,false,false,true,false,false
2019-10-17 09:06:45.897699,foreachbutindex,,,false,false,true,true,true,true,false,false,false,false,false,false,false,false,false,false,false,false,false,false,false,false,false,false
2019-10-17 09:06:59.732583,foreachbutindex,,,false,false,true,true,true,true,false,false,false,false,false,false,false,false,false,false,false,false,false,false,false,false,false,false
2019-10-17 09:07:12.689256,foreachbutindex,,,false,false,true,true,true,true,false,false,false,false,false,false,false,false,false,false,false,false,false,false,false,false,false,false
2019-10-17 09:07:18.478787,foreachbutindex,,,false,false,false,false,false,false,false,false,false,false,false,false,false,false,false,false,false,false,false,true,true,true,false,false
2019-10-17 09:07:48.499748,foreachbutindex,,,false,false,false,false,false,false,false,false,false,false,false,false,false,false,false,false,false,false,false,true,true,true,false,false
2019-10-17 09:07:48.538762,foreachbutindex,,,false,false,true,true,true,true,false,false,false,false,false,false,false,false,false,false,false,false,false,false,false,false,false,false
2019-10-17 09:08:06.842805,alwaysadd,,,false,false,false,false,false,false,false,false,false,false,false,false,false,true,true,false,false,false,false,false,false,false,false,false
2019-10-17 09:08:25.249773,foreachbutindex,,,false,false,true,true,true,true,false,false,false,false,false,false,false,false,false,false,false,false,false,false,false,false,false,false
2019-10-17 09:08:53.159171,foreachbutindex,,,false,false,false,false,false,false,false,false,false,false,false,false,false,false,false,false,false,false,false,true,true,true,false,false
2019-10-17 09:08:54.818872,foreachbutindex,,,false,false,false,false,false,false,false,false,false,false,false,false,false,false,false,false,false,false,false,true,false,false,false,false
2019-10-17 09:09:06.627804,alwaysadd,,,false,false,false,false,false,false,false,false,false,false,true,false,false,true,false,false,false,false,false,false,false,false,false,false
2019-10-17 09:09:08.984003,alwaysadd,,,false,false,false,false,false,false,false,false,false,false,true,false,false,true,false,false,false,false,false,false,false,false,false,false
2019-10-17 09:09:14.134879,foreachbutindex,,,false,false,false,false,false,false,false,false,false,false,false,false,false,false,false,false,false,false,false,true,true,true,false,false
2019-10-17 09:09:19.937883,alwaysadd,,,false,false,false,false,false,false,false,false,false,false,false,false,false,true,true,false,false,false,false,false,false,false,false,false
2019-10-17 09:09:32.975282,alwaysadd,,,false,false,false,false,false,false,false,false,false,false,true,false,false,true,false,false,false,false,false,false,false,false,false,false
2019-10-17 09:09:32.455971,foreachbutindex,,,false,false,false,false,false,false,false,false,false,false,false,false,false,false,false,false,false,false,false,true,true,true,false,false
2019-10-17 09:09:42.950435,foreachbutindex,,,false,false,false,false,false,false,false,false,false,false,false,false,false,false,false,false,false,false,false,true,true,true,false,false
2019-10-17 09:09:46.9078,foreachbutindex,,,false,false,true,true,true,true,false,false,false,false,false,false,false,false,false,false,false,false,false,false,false,false,false,false
2019-10-17 09:09:55.494244,alwaysadd,,,false,false,false,false,false,false,false,false,false,false,true,false,false,true,false,false,false,false,false,false,false,false,false,false
2019-10-17 09:10:04.271313,alwaysadd,,,false,false,false,false,false,false,false,false,false,false,false,false,false,true,true,false,false,false,false,false,false,false,false,false
2019-10-17 09:10:30.050142,foreachbutindex,,,false,false,true,true,true,true,false,false,false,false,false,false,false,false,false,false,false,false,false,false,false,false,false,false
2019-10-17 09:10:34.245738,alwaysadd,,,false,false,false,false,false,false,false,false,false,false,true,false,false,true,false,false,false,false,false,false,false,false,false,false
2019-10-17 09:10:35.301698,alwaysadd,,,false,false,false,false,false,false,false,false,false,false,false,false,false,true,true,false,false,false,false,false,false,false,false,false
2019-10-17 09:10:44.108623,alwaysadd,,,false,false,false,false,false,false,false,false,false,false,true,false,false,true,false,false,false,false,false,false,false,false,false,false
2019-10-17 09:11:01.329381,alwaysadd,,,false,false,false,false,false,false,false,false,false,false,false,false,false,true,true,false,false,false,false,false,false,false,false,false
2019-10-17 09:11:13.538212,foreachbutindex,,,false,false,false,false,false,false,false,false,false,false,false,false,false,false,false,false,false,false,false,true,true,true,false,false
2019-10-17 09:11:26.387064,foreachbutindex,,,false,false,false,false,false,false,false,false,false,false,false,false,false,false,false,false,false,false,false,true,true,true,false,false
2019-10-17 09:11:29.820744,alwaysadd,,,false,false,false,false,false,false,false,false,false,false,false,false,false,true,true,false,false,false,false,false,false,false,false,false
2019-10-17 09:11:46.449874,alwaysadd,,,false,false,false,false,false,false,false,false,false,false,false,false,false,true,true,false,false,false,false,false,false,false,false,false
2019-10-17 09:11:56.126728,alwaysadd,,,false,false,false,false,false,false,false,false,false,false,false,false,false,true,true,false,false,false,false,false,false,false,false,false
2019-10-17 09:11:55.598306,foreachbutindex,,,false,false,false,false,false,false,false,false,false,false,false,false,false,false,false,false,false,false,false,true,true,true,false,false
2019-10-17 09:11:57.458091,foreachbutindex,,,false,false,false,false,false,false,false,false,false,false,false,false,false,false,false,false,false,false,false,true,true,true,false,false
2019-10-17 09:12:31.976116,alwaysadd,,,false,false,false,false,false,false,false,false,false,false,false,false,false,true,true,false,false,false,false,false,false,false,false,false
2019-10-17 09:12:38.127137,foreachbutindex,,,false,false,false,false,false,false,false,false,false,false,false,true,false,false,false,false,false,false,false,true,true,true,false,false
2019-10-17 09:12:44.715161,alwaysadd,,,false,false,false,false,false,false,false,false,false,false,false,false,false,true,true,false,false,false,false,false,false,false,false,false
2019-10-17 09:12:51.265602,alwaysadd,,,false,false,false,false,false,false,false,false,false,false,false,false,false,true,true,false,false,false,false,false,false,false,false,false
2019-10-17 09:13:46.350286,alwaysadd,,,false,false,false,false,false,false,false,false,false,false,false,false,false,true,true,false,false,false,false,false,false,false,false,false
2019-10-17 09:13:48.85565,alwaysadd,,,false,false,false,false,false,false,false,false,false,false,false,false,false,true,true,false,false,false,false,false,false,false,false,false
2019-10-17 09:13:51.805503,foreachbutindex,,,false,false,false,false,false,false,false,false,false,false,false,false,false,false,false,false,false,false,false,true,true,true,false,false
2019-10-17 09:14:11.133723,alwaysadd,,,false,false,false,false,false,false,false,false,false,false,false,false,false,true,true,false,false,false,false,false,false,false,false,false
2019-10-17 09:14:41.69316,alwaysadd,,,false,false,false,false,false,false,false,false,false,false,false,false,false,true,true,false,false,false,false,false,false,false,false,false
2019-10-17 09:14:42.858558,alwaysadd,,,false,false,false,false,false,false,false,false,false,false,false,false,false,true,true,false,false,false,false,false,false,false,false,false
2019-10-17 09:14:42.969163,alwaysadd,,,false,false,false,false,false,false,false,false,false,false,false,false,false,true,true,false,false,false,false,false,false,false,false,false
2019-10-17 09:15:48.893465,foreachbutindex,,,false,false,false,false,false,false,false,false,false,false,false,false,false,false,false,false,false,false,false,false,false,true,false,false
2019-10-17 09:16:25.532562,alwaysadd,,,false,false,false,false,false,false,false,false,false,false,false,false,false,true,true,false,false,false,false,false,false,false,false,false
2019-10-17 09:17:38.067592,alwaysadd,,,false,false,false,false,false,false,false,false,false,false,false,false,false,true,true,false,false,false,false,false,false,false,false,false
2019-10-17 09:18:00.38287,foreachbutindex,,,false,false,false,false,false,false,false,false,false,false,false,false,false,false,false,false,false,false,false,false,false,false,false,false
2019-10-17 09:18:21.396383,alwaysadd,,,false,false,false,false,false,false,false,false,false,false,false,false,false,true,true,false,false,false,false,false,false,false,false,false
2019-10-17 09:18:32.405525,alwaysadd,,,false,false,false,false,false,false,false,false,false,false,false,false,false,true,true,false,false,false,false,false,false,false,false,false
2019-10-17 09:20:26.37029,alwaysadd,,,false,false,false,false,false,false,false,false,false,false,false,false,false,true,true,false,false,false,false,false,false,false,false,false
2019-10-17 09:20:31.149216,earlyexit,,,false,false,false,false,false,false,false,false,false,false,false,false,false,false,false,false,false,false,true,false,false,false,false,false
2019-10-17 09:21:17.161235,alwaysadd,,,false,false,false,false,false,false,false,false,false,false,false,false,false,true,true,false,false,false,false,false,false,false,false,false
2019-10-17 09:21:26.298132,earlyexit,,,false,false,false,false,false,false,false,false,false,false,false,false,false,false,false,false,false,false,true,false,false,false,false,false
2019-10-17 09:22:03.893174,alwaysadd,,,false,false,false,false,false,false,false,false,false,false,false,false,false,true,true,false,false,false,false,false,false,false,false,false
2019-10-17 09:22:17.634267,alwaysadd,,,false,false,false,false,false,false,false,false,false,false,false,false,false,true,true,false,false,false,false,false,false,false,false,false
2019-10-17 09:23:10.238542,alwaysadd,,,false,false,false,false,false,false,false,false,false,false,false,false,false,true,true,false,false,false,false,false,false,false,false,false
2019-10-17 09:23:26.513612,alwaysadd,,,false,false,false,false,false,false,false,false,false,false,false,false,false,true,true,false,false,false,false,false,false,false,false,false
2019-10-17 09:24:06.477916,alwaysadd,,,false,false,false,false,false,false,false,false,false,false,false,false,false,true,true,false,false,false,false,false,false,false,false,false
2019-10-17 09:24:16.175764,alwaysadd,,,false,false,false,false,false,false,false,false,false,false,true,false,false,true,true,false,false,false,false,false,false,false,false,false
2019-10-17 09:24:33.342339,alwaysadd,,,false,false,false,false,false,false,false,false,false,false,true,false,false,true,true,false,false,false,false,false,false,false,false,false
2019-10-17 09:24:33.757719,alwaysadd,,,false,false,false,false,false,false,false,false,false,false,false,false,false,true,true,false,false,false,false,false,false,false,false,false
2019-10-17 09:24:38.349781,alwaysadd,,,false,false,false,false,false,false,false,false,false,false,false,false,false,true,true,false,false,false,false,false,false,false,false,false
2019-10-17 09:24:41.073809,orinsteadofand,,,false,false,false,false,false,false,false,false,false,false,false,false,false,false,false,false,false,false,false,false,false,false,true,false
2019-10-17 09:24:58.806898,orinsteadofand,,,false,false,false,false,false,false,false,false,false,false,false,false,false,false,false,false,false,false,false,false,false,false,true,false
2019-10-17 09:27:28.30004,alwaysadd,,,false,false,false,false,false,false,false,false,false,false,false,false,false,true,true,false,false,false,false,false,false,false,false,false
2019-10-17 09:27:35.421847,orinsteadofand,,,false,false,false,false,false,false,false,false,false,false,false,false,false,false,false,false,false,false,false,false,false,false,true,false
2019-10-17 09:27:41.453737,orinsteadofand,,,false,false,false,false,false,false,false,false,false,false,false,false,false,false,false,false,false,false,false,false,false,false,true,false
2019-10-17 09:27:44.688653,orinsteadofand,,,false,false,false,false,false,false,false,false,false,false,false,false,false,false,false,false,false,false,false,false,false,false,true,false
2019-10-17 09:27:49.434425,orinsteadofand,,,false,false,false,false,false,false,false,false,false,false,false,false,false,false,false,false,false,false,false,false,false,false,true,false
2019-10-17 09:28:21.584169,earlyexit,,,false,false,false,false,false,false,false,false,false,false,false,false,true,false,false,false,false,false,false,false,false,false,false,false
2019-10-17 09:29:14.979699,orinsteadofand,,,false,false,false,false,false,false,false,false,false,false,false,false,false,false,false,false,false,false,false,false,false,false,true,false
